,date,close,open,high,low,flucamount,amplitude,turnoverrate,rv,rv_w,rv_m,SMA,SD,Upper_band,Lower_Band,RSI,M12,High-Low,High-Close Prev,Low-Close Prev,True Range,ATR
0,2023-11-01,3571.03,3605.76,3606.41,3564.64,-1.48,1.17,0.3191,0.002717437,,,,,,,,,41.76999999999998,,,41.76999999999998,
1,2023-11-02,3554.19,3580.07,3597.17,3553.74,-16.84,1.22,0.2953,0.002917614,,,,,,,,,43.43000000000029,26.139999999999873,17.29000000000042,43.43000000000029,
2,2023-11-03,3584.14,3558.53,3596.1,3558.53,29.95,1.06,0.3188,0.003910115,,,,,,,,,37.56999999999971,41.909999999999854,4.3400000000001455,41.909999999999854,
3,2023-11-06,3632.61,3608.32,3635.79,3600.63,48.47,0.98,0.5,0.004482587,,,,,,,,,35.159999999999854,51.65000000000009,16.490000000000236,51.65000000000009,
4,2023-11-07,3619.76,3623.78,3628.46,3606.3,-12.85,0.61,0.3604,0.002157584,0.003237067,,,,,,,,22.159999999999854,4.150000000000091,26.309999999999945,26.309999999999945,
5,2023-11-08,3611.07,3610.64,3627.05,3591.82,-8.69,0.97,0.3614,0.003987519,0.003491084,,,,,,,,35.23000000000002,7.289999999999964,27.940000000000055,35.23000000000002,
6,2023-11-09,3612.83,3603.11,3624.41,3601.37,1.75,0.64,0.3655,0.004014667,0.003710495,,,,,,,,23.039999999999964,13.33999999999969,9.700000000000273,23.039999999999964,
7,2023-11-10,3586.49,3596.07,3599.45,3576.1,-26.34,0.65,0.3336,0.002501013,0.003428674,,,,,,,,23.34999999999991,13.38000000000011,36.73000000000002,36.73000000000002,
8,2023-11-13,3579.41,3593.91,3599.39,3562.77,-7.08,1.02,0.316,0.002568288,0.003045814,,,,,,,,36.61999999999989,12.900000000000091,23.7199999999998,36.61999999999989,
9,2023-11-14,3582.06,3581.1,3600.15,3568.88,2.64,0.87,0.3296,0.001824549,0.002979207,,,,,,,,31.269999999999982,20.740000000000236,10.529999999999745,31.269999999999982,
10,2023-11-15,3607.25,3616.88,3620.6,3596.92,25.19,0.66,0.3429,0.002015872,0.002584878,,,,,,,,23.679999999999836,38.539999999999964,14.860000000000127,38.539999999999964,
11,2023-11-16,3572.36,3600.98,3605.29,3572.36,-34.88,0.91,0.2858,0.002133753,0.002208695,,,,,,,,32.929999999999836,1.9600000000000364,34.88999999999987,34.88999999999987,
12,2023-11-17,3568.07,3561.31,3573.68,3547.03,-4.3,0.75,0.2853,0.00291907,0.002292306,,,,,,,-0.0008288925044035445,26.649999999999636,1.319999999999709,25.329999999999927,26.649999999999636,
13,2023-11-20,3576.32,3569.73,3586.97,3545.1,8.25,1.17,0.2976,0.003111053,0.002400859,,,,,,51.163916391639155,0.006226453847430813,41.86999999999989,18.899999999999636,22.970000000000255,41.86999999999989,36.422142857142816
14,2023-11-21,3581.07,3587.88,3615.06,3575.68,4.74,1.1,0.3548,0.003044333,0.002644816,,,,,,52.16379310344827,-0.0008565513623909338,39.38000000000011,38.73999999999978,0.6400000000003274,39.38000000000011,36.25142857142854
15,2023-11-22,3544.42,3569.44,3574.38,3544.42,-36.65,0.84,0.277,0.001910812,0.002623804,,,,,,48.06004527222906,-0.02427731025350921,29.960000000000036,6.690000000000055,36.65000000000009,36.65000000000009,35.76714285714281
16,2023-11-23,3561.52,3541.44,3562.07,3529.94,17.1,0.91,0.2771,0.003171256,0.002831305,,,,,,45.26699029126216,-0.016089464494883687,32.13000000000011,17.65000000000009,14.480000000000018,32.13000000000011,35.068571428571396
17,2023-11-24,3538.01,3560.65,3560.65,3534.0,-23.51,0.75,0.2777,0.002185685,0.002684628,,,,,,27.89719626168221,-0.020232230336160728,26.65000000000009,0.8699999999998909,27.519999999999982,27.519999999999982,33.34499999999996
18,2023-11-27,3511.94,3534.44,3534.44,3492.86,-26.07,1.18,0.3237,0.003231595,0.002708736,,,,,,26.27409559017687,-0.027925476703858143,41.57999999999993,3.5700000000001637,45.15000000000009,45.15000000000009,34.69071428571426
19,2023-11-28,3518.52,3510.66,3521.05,3501.11,6.58,0.57,0.2918,0.003483691,0.002796608,,3575.6535000000003,32.08947675927745,3639.832453518555,3511.4745464814455,29.443383234862893,-0.018951676987806976,19.940000000000055,9.110000000000127,10.829999999999927,19.940000000000055,33.598571428571404
20,2023-11-29,3488.31,3518.88,3519.2,3482.24,-30.22,1.05,0.3229,0.002437211,0.002901887,,3571.5175000000004,37.57822450008708,3646.6739490001746,3496.361050999826,25.44565388862597,-0.025451121832927748,36.960000000000036,0.6799999999998363,36.2800000000002,36.960000000000036,34.59285714285712
21,2023-11-30,3496.2,3485.52,3505.13,3481.45,7.9,0.68,0.3309,0.003746914,0.003017019,0.002930574,3568.618,41.06136468109264,3650.7407293621854,3486.4952706378144,30.798349708646995,-0.02396944774794396,23.68000000000029,16.820000000000164,6.860000000000127,23.68000000000029,33.660714285714285
22,2023-12-01,3482.88,3494.22,3494.22,3452.17,-13.32,1.2,0.3543,0.005583163,0.003696515,0.003060834,3563.5550000000003,45.09176053805228,3653.738521076105,3473.3714789238957,30.002071680132588,-0.03447778778848154,42.04999999999973,1.9800000000000182,44.029999999999745,44.029999999999745,34.18999999999999
23,2023-12-04,3460.14,3481.04,3488.13,3459.61,-22.74,0.82,0.3172,0.002987241,0.003647644,0.003063999,3554.9315,47.611832151151944,3650.155164302304,3459.7078356976963,26.682986536107663,-0.03141340738335452,28.519999999999982,5.25,23.269999999999982,28.519999999999982,33.99357142857142
24,2023-12-05,3394.26,3450.09,3450.09,3393.81,-65.88,1.63,0.328,0.00531275,0.004013456,0.003127755,3543.6565,57.18894292053663,3658.0343858410733,3429.2786141589268,14.75192797802265,-0.04871260933782129,56.2800000000002,10.049999999999727,66.32999999999993,66.32999999999993,35.97857142857141
25,2023-12-06,3399.6,3387.88,3420.28,3382.95,5.34,1.1,0.3454,0.005494984,0.00462501,0.003173773,3533.083,63.292406553775365,3659.667813107551,3406.498186892449,18.310220852593574,-0.049413922691481815,37.33000000000038,26.019999999999982,11.3100000000004,37.33000000000038,36.152857142857165
26,2023-12-07,3391.28,3394.31,3404.41,3369.77,-8.32,1.02,0.319,0.004764754,0.004828578,0.003292281,3522.0055,67.82598962166237,3657.657479243325,3386.3535207566756,18.043454683489244,-0.052998126258352984,34.63999999999987,4.809999999999945,29.829999999999927,34.63999999999987,36.72357142857147
27,2023-12-08,3399.46,3391.86,3409.38,3383.45,8.18,0.76,0.4228,0.003381173,0.00438818,0.003264719,3512.654,71.27303700706518,3655.20007401413,3370.1079259858698,18.02270919216008,-0.040898087698410523,25.93000000000029,18.09999999999991,7.830000000000382,25.93000000000029,35.58500000000007
28,2023-12-11,3419.45,3378.05,3426.61,3346.89,19.99,2.35,0.4518,0.007159881,0.005222708,0.003407684,3504.656,72.3545118369121,3649.365023673824,3359.946976326176,22.304475975049485,-0.03989027156944236,79.72000000000025,27.15000000000009,52.570000000000164,79.72000000000025,38.46642857142865
29,2023-12-12,3426.8,3410.0,3427.55,3406.1,7.35,0.63,0.3416,0.00299068,0.004758294,0.003429941,3496.893,71.94048213261877,3640.7739642652377,3353.0120357347623,27.59448338921051,-0.03143292415793064,21.450000000000273,8.100000000000364,13.349999999999909,21.450000000000273,37.380714285714376
30,2023-12-13,3369.6,3418.64,3418.64,3369.6,-57.2,1.43,0.3083,0.002825838,0.004224465,0.003441648,3485.0105000000003,72.37846099169474,3629.76742198339,3340.253578016611,18.286073104633374,-0.04053030518744627,49.039999999999964,8.16000000000031,57.20000000000027,57.20000000000027,39.17142857142868
31,2023-12-14,3351.96,3387.38,3399.14,3350.76,-17.64,1.44,0.2707,0.003898433,0.004051201,0.003535915,3473.9905,75.10619958116828,3624.2028991623365,3323.7781008376633,18.647837956253454,-0.047338085331332436,48.379999999999654,29.539999999999964,18.83999999999969,48.379999999999654,40.66142857142865
32,2023-12-15,3341.55,3365.94,3388.5,3339.52,-10.41,1.46,0.3164,0.00702207,0.00477938,0.00376347,3462.6645,77.22211685337147,3617.108733706743,3308.220266293257,19.686888454011637,-0.04207194888068999,48.98000000000002,36.539999999999964,12.440000000000055,48.98000000000002,40.93500000000007
33,2023-12-18,3329.37,3329.19,3352.35,3314.91,-12.19,1.12,0.2929,0.003361089,0.004019622,0.003819258,3450.3170000000005,77.83331962057039,3605.983639241141,3294.6503607588597,17.00680272108832,-0.04771752188089928,37.440000000000055,10.799999999999727,26.640000000000327,37.440000000000055,42.18500000000007
34,2023-12-19,3334.04,3325.66,3345.78,3313.19,4.68,0.98,0.2711,0.004483224,0.004318131,0.003890356,3437.9655,75.55941889630535,3589.0843377926103,3286.8466622073893,20.45881046302317,-0.04273474825431833,32.590000000000146,16.41000000000031,16.179999999999836,32.590000000000146,41.87285714285723
35,2023-12-20,3297.5,3334.33,3338.54,3297.37,-36.54,1.24,0.299,0.00398554,0.004550071,0.003930105,3425.6195,77.40012637518569,3580.419752750371,3270.8192472496285,15.713003865267765,-0.04700387845578502,41.17000000000007,4.5,36.67000000000007,41.17000000000007,43.122142857142926
36,2023-12-21,3330.87,3285.6,3339.36,3283.99,33.37,1.68,0.3318,0.009173377,0.00560506,0.004208698,3414.0870000000004,73.15209908849245,3560.391198176985,3267.7828018230157,25.46722184564726,-0.018675646532675838,55.370000000000346,41.86000000000013,13.510000000000218,55.370000000000346,43.93214285714297
37,2023-12-22,3337.23,3329.47,3359.06,3315.9,6.36,1.3,0.3404,0.009100562,0.006020758,0.004535505,3404.0480000000002,68.90413650404743,3541.8562730080953,3266.239726991905,29.056333708209777,-0.018346276032474407,43.159999999999854,28.190000000000055,14.9699999999998,43.159999999999854,44.977857142857246
38,2023-12-25,3347.45,3330.33,3348.88,3330.33,10.22,0.56,0.2412,0.002103437,0.005769228,0.004486968,3395.8235,65.05771626025599,3525.938932520512,3265.708067479488,40.15645371577564,-0.01292432355924622,18.550000000000182,11.650000000000091,6.900000000000091,18.550000000000182,41.56500000000012
39,2023-12-26,3324.79,3345.4,3345.42,3315.94,-22.66,0.88,0.2418,0.002533914,0.005379366,0.004502796,3386.137,60.05803501175894,3506.253070023518,3266.0209299764824,35.33654788506017,-0.021965253304936705,29.480000000000018,2.0299999999997453,31.509999999999764,31.509999999999764,41.14928571428579
40,2023-12-27,3336.36,3326.93,3341.27,3309.67,11.57,0.95,0.3054,0.004127291,0.005407716,0.00454351,3378.5395000000003,55.92117172507426,3490.381843450149,3266.6971565498516,39.37059688782224,-0.024299229408238032,31.59999999999991,16.480000000000018,15.11999999999989,31.59999999999991,40.932142857142935
41,2023-12-28,3414.54,3335.56,3423.4,3331.21,78.18,2.76,0.4791,0.008191341,0.005211309,0.004757494,3374.4565000000002,49.489497266963916,3473.4354945339282,3275.477505466072,52.29640007309495,-0.0035776818022645873,92.19000000000005,87.03999999999996,5.150000000000091,92.19000000000005,45.66500000000006
42,2023-12-29,3431.11,3411.11,3432.54,3409.58,16.57,0.67,0.3719,0.003383749,0.004067946,0.004800518,3371.868,44.63592695057233,3461.1398539011448,3282.596146098855,51.79428782469535,0.018254392212725623,22.960000000000036,18.0,4.960000000000036,22.960000000000036,41.61071428571433
43,2024-01-02,3386.35,3426.27,3426.27,3386.35,-44.76,1.16,0.3758,0.001699622,0.003987183,0.00470746,3368.1785000000004,39.736293668052085,3447.6510873361044,3288.7059126638965,44.41807192338473,0.010259668969796687,39.92000000000007,4.8400000000001455,44.76000000000022,44.76000000000022,43.27571428571433
44,2024-01-03,3378.3,3379.75,3392.85,3362.66,-8.06,0.89,0.3417,0.002530309,0.003986462,0.004568694,3367.3805,39.34326110623872,3446.0670222124777,3288.6939777875227,51.38897758477557,0.010997890200655336,30.190000000000055,6.5,23.690000000000055,30.190000000000055,41.346428571428596
45,2024-01-04,3347.05,3375.02,3375.02,3323.86,-31.25,1.51,0.3452,0.004703444,0.004101693,0.004646703,3364.7529999999997,38.829661491943796,3442.4123229838874,3287.093677016112,49.24875302181832,0.005310313963302393,51.159999999999854,3.2800000000002,54.440000000000055,54.440000000000055,41.77928571428577
46,2024-01-05,3329.11,3341.31,3372.54,3313.55,-17.94,1.76,0.4089,0.00568383,0.003600191,0.00466357,3361.6445,39.081962386085046,3439.80842477217,3283.48057522783,48.139507059105036,-0.001478686518458061,58.98999999999978,25.48999999999978,33.5,58.98999999999978,42.49428571428575
47,2024-01-08,3286.06,3322.6,3333.52,3283.34,-43.05,1.51,0.3796,0.006429585,0.004209358,0.004706052,3355.9744999999994,41.460585274641154,3438.8956705492815,3273.0533294507172,44.07021002765685,-0.0034692949203942725,50.179999999999836,4.4099999999998545,45.76999999999998,50.179999999999836,43.404285714285734
48,2024-01-09,3292.5,3286.71,3304.6,3273.84,6.44,0.94,0.3534,0.007594623,0.005388358,0.004834682,3349.6269999999995,40.94584383510038,3431.5186876702,3267.735312329799,44.339982559407034,-0.011519512920047936,30.759999999999764,18.539999999999964,12.2199999999998,30.759999999999764,43.27357142857142
49,2024-01-10,3277.13,3281.67,3312.92,3268.25,-15.37,1.36,0.3045,0.009277938,0.006737884,0.005102717,3342.1434999999997,39.75898975140893,3421.6614795028177,3262.6255204971817,47.05457069319531,-0.018008947540325337,44.67000000000007,20.420000000000073,24.25,44.67000000000007,43.52357142857142
50,2024-01-11,3295.67,3275.31,3311.11,3266.79,18.54,1.35,0.3517,0.006698813,0.007136958,0.00508176,3338.447,40.50173006051404,3419.4504601210283,3257.443539878972,44.68213681411654,-0.015468490940865331,44.320000000000164,33.98000000000002,10.340000000000146,44.320000000000164,42.7342857142857
51,2024-01-12,3284.17,3284.36,3310.47,3279.7,-11.5,0.93,0.3131,0.003180406,0.006636273,0.005090383,3335.0575,42.11577400139823,3419.2890480027963,3250.8259519972034,42.10651591788159,-0.012217312973150096,30.769999999999982,14.799999999999727,15.970000000000255,30.769999999999982,41.849285714285706
52,2024-01-15,3280.92,3270.1,3306.92,3261.27,-3.25,1.39,0.2872,0.004268801,0.006204117,0.005155973,3332.0259999999994,43.77330746374779,3419.572614927495,3244.4793850725036,39.89305137787505,-0.016616911844045568,45.65000000000009,22.75,22.90000000000009,45.65000000000009,43.78499999999998
53,2024-01-16,3300.88,3272.57,3300.88,3260.44,19.96,1.23,0.3661,0.00834362,0.006353916,0.005358027,3330.6014999999998,44.32439120310986,3419.2502824062194,3241.95271759378,46.33765278926572,-0.033287060628957255,40.440000000000055,19.960000000000036,20.480000000000018,40.440000000000055,44.42285714285715
54,2024-01-17,3229.08,3291.14,3291.14,3229.08,-71.79,1.88,0.3516,0.008658,0.006229928,0.005432387,3325.3535,49.77440848203871,3424.9023169640777,3225.8046830359226,36.12734702322452,-0.05888181958608152,62.059999999999945,9.740000000000236,71.80000000000018,71.80000000000018,47.29428571428574
55,2024-01-18,3274.73,3214.28,3279.25,3171.63,45.65,3.33,0.5653,0.036270927,0.012144351,0.006928289,3324.215,50.6969015455165,3425.608803091033,3222.821196908967,30.26007398413016,-0.03296174347010794,107.61999999999989,50.17000000000007,57.44999999999982,107.61999999999989,48.39642857142859
56,2024-01-19,3269.78,3261.24,3286.94,3251.81,-4.95,1.07,0.383,0.013776615,0.014263593,0.007350716,3321.1604999999995,52.09587391228033,3425.35224782456,3216.968752175439,26.448862806925376,-0.03212266524583374,35.13000000000011,12.210000000000036,22.920000000000073,35.13000000000011,49.2657142857143
57,2024-01-22,3218.9,3262.47,3281.42,3193.18,-50.87,2.7,0.4806,0.028762143,0.019162261,0.008476925,3315.244,56.691456276381125,3428.6269125527624,3201.861087447238,25.98456816682446,-0.038287447154957355,88.24000000000024,11.639999999999873,76.60000000000036,88.24000000000024,52.37142857142859
58,2024-01-23,3231.93,3208.43,3249.53,3188.13,13.03,1.91,0.3943,0.018093278,0.021112193,0.008882375,3309.468,59.072326640626095,3427.612653281252,3191.323346718748,29.303469924493044,-0.029190984977967127,61.40000000000009,30.63000000000011,30.769999999999982,61.40000000000009,54.60071428571431
59,2024-01-24,3277.11,3245.96,3281.49,3190.47,45.18,2.82,0.4988,0.022324414,0.023845476,0.009483459,3307.0840000000003,59.38272967082155,3425.8494593416435,3188.318540658357,40.48538934537737,-0.0027236264706060886,91.01999999999998,49.559999999999945,41.460000000000036,91.01999999999998,57.21357142857145
60,2024-01-25,3342.92,3274.34,3344.24,3269.79,65.81,2.27,0.636,0.009175251,0.01842634,0.009804905,3307.4120000000003,59.570765578250914,3426.5535311565022,3188.2704688434983,51.6622132351171,0.015313591495823786,74.44999999999982,67.12999999999965,7.320000000000164,74.44999999999982,58.317857142857164
61,2024-01-26,3333.82,3326.65,3351.97,3315.13,-9.1,1.1,0.5837,0.008527794,0.017376576,0.010077354,3303.376,54.44458035953885,3412.265160719078,3194.4868392809226,56.260158339013294,0.01729867292417442,36.83999999999969,9.049999999999727,27.789999999999964,36.83999999999969,57.36500000000001
62,2024-01-29,3303.96,3335.39,3351.37,3303.96,-29.86,1.42,0.5951,0.013912691,0.014406686,0.010522145,3297.0184999999997,45.41970616547233,3387.857912330944,3206.179087669055,51.415234143449915,0.0025154217503573495,47.409999999999854,17.549999999999727,29.860000000000127,47.409999999999854,58.55428571428573
63,2024-01-30,3245.04,3283.9,3300.2,3244.97,-58.92,1.67,0.4641,0.01363035,0.0135141,0.010769373,3289.953,41.62442743086445,3373.201854861729,3206.704145138271,46.42196106415716,-0.011914730358050907,55.23000000000002,3.7600000000002183,58.99000000000024,58.99000000000024,59.57714285714288
64,2024-01-31,3215.35,3231.54,3252.15,3201.93,-29.69,1.55,0.4948,0.016716899,0.012392597,0.011375425,3281.8055,39.30451045162644,3360.4145209032527,3203.196479096747,41.261586666086416,-0.019985248040183867,50.220000000000255,7.110000000000127,43.11000000000013,50.220000000000255,59.99857142857146
65,2024-02-01,3217.71,3202.26,3251.76,3191.9,2.36,1.86,0.47,0.013395634,0.013236674,0.011907062,3275.3385,38.6393533065352,3352.6172066130703,3198.0597933869294,42.62276884823728,-0.0251963112866872,59.86000000000013,36.41000000000031,23.449999999999818,59.86000000000013,62.076428571428615
66,2024-02-02,3179.63,3219.87,3235.41,3108.35,-38.08,3.95,0.5612,0.050501849,0.021631485,0.014087587,3267.8645,42.0015802302957,3351.8676604605917,3183.8613395394086,39.56354194572095,-0.015313959394006926,127.05999999999995,17.699999999999818,109.36000000000013,127.05999999999995,67.8914285714286
67,2024-02-05,3200.42,3164.25,3233.85,3111.52,20.79,3.85,0.6558,0.05873476,0.030595898,0.016543556,3263.5825,44.348794545415,3352.28008909083,3174.88491090917,39.66673523966262,-0.022691947122358114,122.32999999999993,54.2199999999998,68.11000000000013,122.32999999999993,73.7407142857143
68,2024-02-06,3311.69,3185.25,3314.51,3182.82,111.27,4.11,0.6548,0.025418142,0.032953457,0.01744057,3264.542,45.20665584437133,3354.9553116887428,3174.128688311257,57.859086325322984,0.012817376092581156,131.69000000000005,114.09000000000015,17.59999999999991,131.69000000000005,78.01857142857145
69,2024-02-07,3343.63,3314.03,3343.63,3289.67,31.94,1.63,0.6998,0.01050205,0.031710487,0.017625682,3267.867,48.506393729398596,3364.879787458797,3170.854212541203,56.730355956706916,0.03874926217030672,53.960000000000036,31.940000000000055,22.019999999999982,53.960000000000036,74.18571428571431
70,2024-02-08,3364.93,3351.41,3367.21,3336.98,21.3,0.9,0.6136,0.01125695,0.03128275,0.017792151,3271.33,52.87169484506181,3377.0733896901233,3165.5866103098765,59.00683440298363,0.04115188138356962,30.230000000000018,23.579999999999927,6.650000000000091,30.230000000000018,73.8357142857143
71,2024-02-19,3403.81,3393.19,3403.81,3364.14,38.88,1.18,0.5921,0.004403039,0.022062988,0.017570565,3277.3120000000004,60.6036756397869,3398.519351279574,3156.1046487204267,67.9103465643827,0.03866211387472496,39.67000000000007,38.88000000000011,0.7899999999999636,39.67000000000007,70.36642857142859
72,2024-02-20,3410.85,3395.19,3415.89,3380.1,7.05,1.05,0.4545,0.004446477,0.011205331,0.017468186,3283.8085,67.5739727437147,3418.9564454874294,3148.660554512571,67.53361295127591,0.020320558074976347,35.789999999999964,12.079999999999927,23.710000000000036,35.789999999999964,68.53714285714285
73,2024-02-21,3456.87,3390.36,3500.13,3383.69,46.02,3.41,0.61,0.013007067,0.008723116,0.017914852,3291.608,77.86655140282195,3447.341102805644,3135.8748971943564,67.58697608891322,0.03690961119676528,116.44000000000005,89.2800000000002,27.159999999999854,116.44000000000005,70.35285714285715
74,2024-02-22,3486.67,3450.35,3486.68,3448.41,29.8,1.11,0.4554,0.004252938,0.007473294,0.017914131,3304.4875,87.66641299326209,3479.8203259865245,3129.154674013476,65.12998631722975,0.05530030629910776,38.26999999999998,29.809999999999945,8.460000000000036,38.26999999999998,67.76857142857145
75,2024-02-23,3489.74,3491.34,3507.56,3472.97,3.07,0.99,0.4676,0.005301967,0.006282297,0.017775874,3315.238,96.55762237076205,3508.353244741524,3122.1227552584755,66.62189245661162,0.07540739097206806,34.590000000000146,20.889999999999873,13.700000000000273,34.590000000000146,67.60785714285718
76,2024-02-26,3453.36,3485.54,3492.61,3445.39,-36.38,1.35,0.4883,0.00539836,0.006481362,0.017627709,3324.417,100.64797710728938,3525.7129542145785,3123.1210457854213,65.70845775329103,0.07402304570264517,47.220000000000255,2.8700000000003456,44.34999999999991,47.220000000000255,67.59428571428579
77,2024-02-27,3494.79,3440.05,3494.79,3437.44,41.43,1.66,0.4505,0.004344068,0.00646088,0.016176488,3338.2115,104.26627043422604,3546.744040868452,3129.678959131548,77.26230760833974,0.08611092982276203,57.34999999999991,41.429999999999836,15.920000000000073,57.34999999999991,67.47714285714291
78,2024-02-28,3450.26,3499.83,3521.66,3450.26,-44.53,2.04,0.6129,0.013896728,0.006638812,0.016181948,3349.1279999999997,103.98212334212488,3557.0922466842494,3141.16375331575,74.83770009938895,0.08511367674855252,71.39999999999964,26.86999999999989,44.529999999999745,71.39999999999964,68.99000000000001
79,2024-02-29,3516.08,3437.9,3516.08,3437.9,65.82,2.27,0.5035,0.007262575,0.00724074,0.015204695,3361.0765,108.88535797728804,3578.8472159545763,3143.305784045424,77.81485969982295,0.09863080470688224,78.17999999999984,65.81999999999971,12.360000000000127,78.17999999999984,70.29857142857142
80,2024-03-01,3537.8,3515.06,3544.36,3503.46,21.72,1.16,0.5253,0.006042875,0.007388921,0.014656949,3370.8205000000003,115.68264863182279,3602.185797263646,3139.4552027363547,84.44008538625751,0.06827631813364188,40.90000000000009,28.2800000000002,12.61999999999989,40.90000000000009,64.14428571428572
81,2024-03-04,3540.87,3538.37,3548.69,3519.76,3.06,0.82,0.527,0.007895164,0.007888282,0.014001074,3381.173,121.3241285109746,3623.821257021949,3138.5247429780507,83.8911342505028,0.05898978056782589,28.929999999999836,10.889999999999873,18.039999999999964,28.929999999999836,57.47285714285714
82,2024-03-05,3565.51,3524.96,3570.69,3519.08,24.65,1.46,0.5373,0.006605433,0.008340555,0.013884264,3394.2504999999996,126.5470998430401,3647.34469968608,3141.1563003139195,80.53363487633538,0.059608966605546154,51.61000000000013,29.820000000000164,21.789999999999964,51.61000000000013,51.75285714285714
83,2024-03-06,3551.05,3556.53,3577.39,3545.1,-14.47,0.91,0.4619,0.004527466,0.006466703,0.013702431,3409.5510000000004,126.05541909476993,3661.66183818954,3157.4401618104607,76.04731766124179,0.0432574086097639,32.289999999999964,11.879999999999654,20.41000000000031,32.289999999999964,50.20499999999999
84,2024-03-07,3529.72,3548.1,3569.92,3522.9,-21.33,1.32,0.4782,0.004997554,0.006013699,0.013297197,3425.2695,120.02073073015441,3665.3109614603086,3185.228038539691,70.69238303322535,0.03485055044930152,47.01999999999998,18.86999999999989,28.15000000000009,47.01999999999998,51.404285714285706
85,2024-03-08,3544.91,3529.55,3548.51,3511.58,15.19,1.05,0.4061,0.003962353,0.005597594,0.012857743,3441.6295,112.29061250893533,3666.2107250178706,3217.0482749821294,68.83845126835782,0.025468125790093277,36.93000000000029,18.79000000000042,18.139999999999873,36.93000000000029,51.20857142857143
86,2024-03-11,3589.26,3545.94,3589.26,3542.28,44.35,1.33,0.4784,0.006311849,0.005280931,0.012384786,3462.111,98.49810075112768,3659.107201502255,3265.1147984977447,71.66168864282076,0.02942349003490441,46.98000000000002,44.350000000000364,2.6299999999996544,46.98000000000002,52.007857142857155
87,2024-03-12,3597.49,3592.58,3605.7,3574.21,8.23,0.88,0.5833,0.007307763,0.005421397,0.012108065,3481.9644999999996,81.5306549048328,3645.025809809665,3318.903190190334,68.7984599754024,0.030876225736014673,31.48999999999978,16.4399999999996,15.050000000000182,31.48999999999978,45.93999999999999
88,2024-03-13,3572.36,3594.42,3594.42,3563.37,-25.13,0.86,0.4668,0.004369769,0.005389858,0.010011152,3494.9979999999996,73.29759266528991,3641.593185330579,3348.40281466942,61.600108298362024,0.03445919336530223,31.050000000000182,3.069999999999709,34.11999999999989,34.11999999999989,45.64357142857141
89,2024-03-14,3562.22,3571.79,3597.46,3545.61,-10.14,1.45,0.4551,0.005643179,0.005518983,0.007597898,3505.9275000000002,65.41191392166427,3636.751327843329,3375.1036721566716,59.627543701184855,0.01929443543102738,51.84999999999991,25.09999999999991,26.75,51.84999999999991,46.87642857142854
90,2024-03-15,3569.99,3554.91,3572.81,3533.68,7.77,1.1,0.4465,0.004752324,0.005676977,0.006658543,3516.1805,57.7730951290476,3631.726690258095,3400.634309741905,66.76633794312983,0.03470173262304854,39.13000000000011,10.590000000000146,28.539999999999964,39.13000000000011,46.298571428571385
91,2024-03-18,3603.53,3577.06,3604.05,3573.4,33.54,0.86,0.5178,0.002932041,0.005001015,0.006314452,3526.1665000000003,54.49542803373036,3635.157356067461,3417.1756439325395,65.99493998587904,0.02487144774862915,30.65000000000009,34.0600000000004,3.4100000000003092,34.0600000000004,44.63499999999999
92,2024-03-19,3577.63,3593.34,3610.74,3577.19,-25.9,0.93,0.47,0.003532244,0.004245911,0.005963329,3534.5055,48.33278286771205,3631.1710657354242,3437.839934264576,69.82165644744616,0.011258409180846751,33.54999999999973,7.209999999999582,26.340000000000146,33.54999999999973,41.93142857142857
93,2024-03-20,3585.38,3568.72,3589.55,3568.43,7.75,0.59,0.4182,0.003859361,0.00414383,0.005938616,3540.9309999999996,45.952093463571224,3632.835186927142,3449.0268130728573,63.16389332117618,0.012570357002657628,21.120000000000346,11.920000000000073,9.200000000000273,21.120000000000346,37.85571428571432
94,2024-03-21,3581.09,3593.07,3601.11,3575.03,-4.29,0.73,0.4221,0.002744567,0.003564107,0.005861257,3545.6520000000005,44.92276138581538,3635.4975227716313,3455.8064772283697,58.8062980593189,0.004369641369677879,26.079999999999927,15.730000000000018,10.349999999999909,26.079999999999927,36.79714285714288
95,2024-03-22,3545.0,3571.27,3575.72,3522.84,-36.09,1.48,0.4495,0.006381234,0.003889889,0.005560082,3548.415,42.95935980362646,3634.333719607253,3462.496280392747,50.740647752950046,-0.0017037214345053675,52.879999999999654,5.370000000000346,58.25,58.25,38.891428571428605
96,2024-03-25,3525.76,3536.71,3564.96,3525.76,-19.24,1.11,0.4423,0.003825193,0.00406852,0.005540639,3552.035,37.19106662684887,3626.4171332536976,3477.652866746302,42.73069748729017,-0.001121902020556731,39.19999999999982,19.960000000000036,19.23999999999978,39.19999999999982,38.00500000000001
97,2024-03-26,3543.75,3526.68,3547.65,3518.6,17.98,0.82,0.4074,0.005914282,0.004544927,0.005568472,3554.483,34.75639314156664,3623.9957862831334,3484.970213716867,48.68202498736185,-0.0003272297463122742,29.050000000000182,21.889999999999873,7.160000000000309,29.050000000000182,37.77357142857146
98,2024-03-27,3502.79,3538.72,3542.96,3502.79,-40.96,1.13,0.4152,0.005586774,0.00489041,0.005577036,3557.1094999999996,27.743081541560564,3612.5956630831206,3501.6233369168785,45.45975654988707,-0.024091316873115942,40.17000000000007,0.7899999999999636,40.960000000000036,40.960000000000036,37.34071428571432
99,2024-03-28,3520.96,3498.48,3551.21,3489.39,18.18,1.77,0.4627,0.007864879,0.005914472,0.005737073,3557.3535,27.382349919352958,3612.118199838706,3502.5888001612943,46.002336838591255,-0.021273165457026955,61.820000000000164,48.42000000000007,13.400000000000091,61.820000000000164,39.11857142857145
100,2024-03-29,3537.48,3516.88,3538.24,3516.88,16.52,0.61,0.4153,0.005557162,0.005749658,0.005358002,3557.3375,27.39446753117161,3612.1264350623433,3502.548564937657,40.471809215368715,-0.009763853586984506,21.359999999999673,17.279999999999745,4.079999999999927,21.359999999999673,37.28857142857142
101,2024-04-01,3595.65,3551.58,3600.92,3551.58,58.16,1.39,0.5247,0.003112681,0.005607156,0.00516937,3560.0765000000006,28.382080016328437,3616.8406600326575,3503.3123399673436,49.713983709506984,0.009384597245537973,49.340000000000146,63.440000000000055,14.099999999999909,63.440000000000055,39.5707142857143
102,2024-04-02,3580.68,3593.22,3596.19,3568.75,-14.97,0.76,0.4554,0.00297019,0.005018337,0.005029703,3560.835,28.735437227093318,3618.305874454187,3503.3641255458133,51.335473515248744,0.0029944061467959138,27.440000000000055,0.5399999999999636,26.90000000000009,27.440000000000055,39.09357142857146
103,2024-04-03,3567.8,3578.68,3582.43,3558.87,-12.87,0.66,0.437,0.00166764,0.00423451,0.004746634,3561.6724999999997,28.679277843631713,3619.0310556872632,3504.313944312736,50.88785641547867,-0.009915277519543353,23.559999999999945,1.75,21.809999999999945,23.559999999999945,37.072857142857174
104,2024-04-08,3536.41,3553.56,3567.82,3535.77,-31.4,0.9,0.5006,0.002722728,0.00320608,0.004570147,3562.007,28.323797340577777,3618.6545946811557,3505.3594053188444,45.03048600011841,-0.011521593904344596,32.05000000000018,0.01999999999998181,32.0300000000002,32.05000000000018,36.56714285714289
105,2024-04-09,3533.49,3533.39,3543.71,3518.86,-2.92,0.7,0.418,0.002414317,0.002577511,0.004474095,3561.436,28.797755285340017,3619.03151057068,3503.8404894293203,38.601744564509765,-0.014472663985407475,24.84999999999991,7.300000000000182,17.549999999999727,24.84999999999991,35.909285714285716
106,2024-04-10,3504.71,3528.97,3531.23,3490.05,-28.78,1.17,0.4151,0.004097315,0.002774438,0.004433175,3557.2084999999997,30.644938154192925,3618.4983763083856,3495.918623691614,38.24326067328774,-0.02132870159644129,41.179999999999836,2.2599999999997635,43.4399999999996,43.4399999999996,36.615714285714276
107,2024-04-11,3504.24,3485.03,3520.59,3484.93,-0.46,1.02,0.4078,0.004497791,0.003079958,0.004457513,3552.546,31.280914880963415,3615.1078297619265,3489.984170238073,36.60348698982956,-0.01149788434414678,35.66000000000031,15.88000000000011,19.7800000000002,35.66000000000031,37.654285714285706
108,2024-04-12,3475.84,3505.75,3516.7,3470.06,-28.41,1.33,0.4155,0.003866788,0.003519788,0.004346374,3547.7200000000003,35.256076296009624,3618.2321525920197,3477.207847407981,33.90426670744762,-0.014158649482664765,46.63999999999987,12.460000000000036,34.179999999999836,46.63999999999987,39.12285714285713
109,2024-04-15,3549.08,3473.5,3552.41,3473.5,73.24,2.27,0.5929,0.011532918,0.005281826,0.004538426,3547.0630000000006,35.093704653632166,3617.250409307265,3476.8755906927363,50.56028563581433,0.0015040564373898224,78.90999999999985,76.56999999999971,2.3400000000001455,78.90999999999985,40.598571428571404
110,2024-04-16,3511.11,3533.36,3545.5,3503.62,-37.96,1.18,0.5678,0.006722741,0.006143511,0.00464538,3544.119,35.536061876420256,3615.1911237528407,3473.0468762471596,48.0866180811326,0.002375249444014571,41.88000000000011,3.5799999999999272,45.460000000000036,45.460000000000036,41.045714285714276
111,2024-04-17,3565.4,3509.13,3565.94,3498.03,54.29,1.93,0.543,0.004570571,0.006238162,0.004596625,3542.2125,33.121738270404514,3608.455976540809,3475.9690234591912,52.58273089494907,0.012621557756975488,67.90999999999985,54.82999999999993,13.079999999999927,67.90999999999985,43.82142857142854
112,2024-04-18,3569.8,3550.56,3602.79,3547.6,4.4,1.55,0.5756,0.007294315,0.006797467,0.00471217,3541.821,32.72496775762181,3607.2709355152438,3476.371064484756,58.75787437593123,0.00913644741454367,55.190000000000055,37.38999999999987,17.800000000000182,55.190000000000055,44.83785714285711
113,2024-04-19,3541.66,3550.61,3560.95,3529.32,-28.14,0.89,0.4747,0.005308415,0.007085792,0.004820187,3539.6350000000007,31.081060657247225,3601.797121314495,3477.472878685506,52.63667396953175,-0.015015365789217583,31.629999999999654,8.850000000000364,40.48000000000002,40.48000000000002,43.313571428571386
114,2024-04-22,3530.9,3536.18,3558.16,3528.02,-10.76,0.85,0.4851,0.004893314,0.005757871,0.004882054,3537.1254999999996,29.546079707012815,3596.217659414025,3478.033340585974,49.149387248565084,-0.013902387256051862,30.139999999999873,16.5,13.639999999999873,30.139999999999873,43.94071428571426
115,2024-04-23,3506.22,3525.67,3533.76,3499.98,-24.68,0.96,0.461,0.003827175,0.005178758,0.004880591,3535.1865,30.2658340073161,3595.718168014632,3474.6548319853678,37.34325907894361,-0.017259936095072703,33.7800000000002,2.8600000000001273,30.920000000000073,33.7800000000002,41.82214285714284
116,2024-04-24,3521.62,3514.01,3524.54,3495.65,15.4,0.82,0.3922,0.002278754,0.004720395,0.004859417,3534.9795,30.347745511521868,3595.6749910230437,3474.284008976956,41.65158882732104,-0.004182207379800462,28.889999999999873,18.320000000000164,10.569999999999709,28.889999999999873,41.92571428571426
117,2024-04-25,3530.28,3510.64,3543.97,3505.2,8.66,1.1,0.3711,0.003919608,0.004045453,0.004747525,3534.3059999999996,30.292277181529613,3594.890554363059,3473.72144563694,44.63233190271818,-0.0009084502856947507,38.76999999999998,22.34999999999991,16.420000000000073,38.76999999999998,43.01214285714283
118,2024-04-26,3584.27,3531.96,3588.4,3531.96,53.99,1.6,0.6351,0.00418158,0.003820086,0.004763725,3538.38,31.29319128905138,3600.9663825781026,3475.7936174218976,56.431066917495315,0.02270087967335388,56.440000000000055,58.11999999999989,1.6799999999998363,58.11999999999989,44.87428571428567
119,2024-04-29,3623.91,3584.54,3645.82,3578.76,39.64,1.87,0.7172,0.005532033,0.00394783,0.00474635,3543.5275,36.33759976359877,3616.2026995271976,3470.8523004728027,61.05865662149603,0.03415005821519079,67.05999999999995,61.55000000000018,5.5099999999997635,67.05999999999995,47.88928571428567
120,2024-04-30,3604.39,3619.26,3630.71,3604.39,-19.52,0.73,0.616,0.001985942,0.003579583,0.004582675,3546.8730000000005,38.75145241421389,3624.3759048284282,3469.3700951715728,62.4737210932025,0.03698386577057633,26.320000000000164,6.800000000000182,19.519999999999982,26.320000000000164,46.66642857142857
121,2024-05-06,3657.88,3654.05,3668.26,3645.74,53.48,0.62,0.6699,0.003736254,0.003871083,0.004395011,3549.9844999999996,44.88673224145816,3639.7579644829157,3460.2110355170835,66.97379468823195,0.03065583193390964,22.520000000000437,63.870000000000346,41.34999999999991,63.870000000000346,48.68142857142857
122,2024-05-07,3659.01,3657.0,3665.68,3648.38,1.13,0.47,0.5308,0.003041293,0.00369542,0.004280653,3553.9010000000003,50.741409633351125,3655.3838192667026,3452.418180733298,71.53370482706731,0.042123431051718674,17.299999999999727,7.799999999999727,9.5,17.299999999999727,46.585714285714275
123,2024-05-08,3630.22,3650.75,3650.94,3628.7,-28.78,0.61,0.4187,0.001339874,0.003127079,0.004200071,3557.022,53.486701308294464,3663.9954026165888,3450.048597383411,60.65220816047887,0.01818028832669527,22.240000000000236,8.070000000000164,30.3100000000004,30.3100000000004,43.11428571428574
124,2024-05-09,3664.56,3630.41,3669.76,3630.41,34.34,1.08,0.4719,0.002169132,0.002454499,0.004163659,3563.4294999999997,58.342979957007636,3680.115459914015,3446.7435400859845,70.33905044667699,0.0265449044764412,39.350000000000364,39.54000000000042,0.19000000000005457,39.54000000000042,42.691428571428624
125,2024-05-10,3666.28,3669.09,3674.61,3641.76,1.72,0.9,0.4853,0.002871918,0.002631694,0.004218399,3570.0690000000004,62.185780816760264,3694.440561633521,3445.6974383664797,65.53625331115623,0.035186889763557216,32.84999999999991,10.050000000000182,22.799999999999727,32.84999999999991,40.187142857142916
126,2024-05-13,3664.69,3646.35,3673.62,3634.6,-1.59,1.06,0.5064,0.002397215,0.002363886,0.004203603,3578.068,63.60900719072889,3705.286014381458,3450.8499856185426,64.74133913313645,0.03789118921521428,39.01999999999998,7.339999999999691,31.68000000000029,39.01999999999998,39.03214285714291
127,2024-05-14,3657.05,3668.23,3675.78,3646.71,-7.65,0.79,0.4296,0.002172168,0.002190061,0.004192596,3585.7085000000006,63.45161772854334,3712.6117354570874,3458.805264542914,69.14551186328187,0.04301783687275762,29.070000000000164,11.090000000000146,17.980000000000018,29.070000000000164,38.21714285714292
128,2024-05-15,3626.06,3651.05,3656.53,3624.0,-30.99,0.89,0.3978,0.002169074,0.002355901,0.004104949,3593.2195,58.455967186743784,3710.1314343734875,3476.3075656265128,64.79569624976668,0.029656805674661113,32.5300000000002,0.5199999999999818,33.05000000000018,33.05000000000018,38.42500000000008
129,2024-05-16,3640.36,3636.6,3657.48,3626.33,14.3,0.86,0.4979,0.002053753,0.002332825,0.003993856,3597.7835,58.39170419404682,3714.5669083880935,3481.0000916119066,71.55205655526986,0.03118166264432287,31.15000000000009,31.420000000000073,0.2699999999999818,31.420000000000073,38.25642857142865
130,2024-05-17,3677.97,3638.56,3677.97,3627.45,37.61,1.39,0.5299,0.004001039,0.00255865,0.003999958,3606.1265,57.26563103321652,3720.657762066433,3491.5952379335668,73.44710716535187,0.02614200381109666,50.51999999999998,37.60999999999967,12.91000000000031,50.51999999999998,39.80142857142865
131,2024-05-20,3690.96,3682.06,3703.03,3677.44,12.99,0.7,0.5944,0.002135133,0.002506233,0.003572786,3612.4044999999996,59.40826926979558,3731.2210385395906,3493.5879614604087,73.78752886836017,0.018502115118752993,25.590000000000146,25.0600000000004,0.5299999999997453,25.590000000000146,38.86000000000009
132,2024-05-21,3676.16,3682.29,3684.61,3665.15,-14.8,0.53,0.4208,0.001707147,0.002413229,0.003344805,3617.7225,60.149596216441864,3738.0216924328834,3497.4233075671164,65.38938201306303,0.019911829740954845,19.460000000000036,6.349999999999909,25.809999999999945,25.809999999999945,36.552142857142954
133,2024-05-22,3684.45,3675.65,3691.88,3667.09,8.29,0.67,0.4892,0.002076941,0.002394803,0.003231458,3624.8619999999996,59.111451700210395,3743.0849034004204,3506.639096599579,61.328592814371184,0.007263770271304537,24.789999999999964,15.720000000000255,9.069999999999709,24.789999999999964,33.532857142857246
134,2024-05-23,3641.79,3672.84,3674.37,3633.51,-42.66,1.11,0.4591,0.003480615,0.002680175,0.003058108,3630.4065,54.883599724191654,3740.1736994483836,3520.6393005516165,56.44072466763103,-0.004706191018882255,40.85999999999967,10.079999999999927,50.9399999999996,50.9399999999996,35.29142857142863
135,2024-05-24,3601.48,3630.83,3650.87,3599.67,-40.32,1.41,0.4018,0.002894503,0.002458868,0.002948385,3635.1695,47.12397595984729,3729.4174519196945,3540.9215480803055,39.82537162649736,-0.007916875561260639,51.19999999999982,9.079999999999927,42.11999999999989,51.19999999999982,34.386428571428596
136,2024-05-27,3635.71,3606.65,3638.15,3603.71,34.23,0.96,0.4226,0.002417228,0.002515287,0.002835835,3640.874,38.83073245715356,3718.535464914307,3563.2125350856927,46.245084767614244,-0.00787270504508042,34.440000000000055,36.67000000000007,2.230000000000018,36.67000000000007,35.770000000000046
137,2024-05-28,3609.17,3633.25,3638.97,3605.92,-26.54,0.91,0.3976,0.001688164,0.00251149,0.002738608,3644.8185000000003,30.01019042278301,3704.838880845566,3584.7981191544345,46.582903152495106,-0.015577097221161518,33.04999999999973,3.2599999999997635,29.789999999999964,33.04999999999973,35.965714285714284
138,2024-05-29,3613.52,3609.07,3633.2,3602.82,4.35,0.84,0.373,0.00217602,0.002531306,0.002733938,3646.281,27.512978927678198,3701.3069578553564,3591.2550421446435,40.82080425868645,-0.013962981862040147,30.379999999999654,24.029999999999745,6.349999999999909,30.379999999999654,35.311428571428515
139,2024-05-30,3594.31,3607.05,3624.04,3586.75,-19.21,1.03,0.3946,0.003508267,0.002536836,0.002715241,3644.8009999999995,29.503819003489067,3703.8086380069776,3585.7933619930213,37.822747115156815,-0.017155904349133944,37.289999999999964,10.519999999999982,26.769999999999982,37.289999999999964,35.62857142857138
140,2024-05-31,3579.92,3599.82,3614.64,3579.92,-14.39,0.97,0.362,0.002723604,0.002502657,0.002648969,3643.5775000000003,31.693920698009048,3706.9653413960186,3580.189658603982,36.25247316013104,-0.012724555026668027,34.7199999999998,20.329999999999927,14.389999999999873,34.7199999999998,35.321428571428505
141,2024-06-03,3588.75,3577.38,3600.6,3567.87,8.82,0.91,0.4539,0.004410961,0.002901403,0.002598011,3640.1210000000005,33.75463553352539,3707.630271067051,3572.61172893295,38.9660743134087,-0.014177169290949254,32.73000000000002,20.679999999999836,12.050000000000182,32.73000000000002,35.582857142857065
142,2024-06-04,3615.67,3583.81,3622.5,3580.28,26.92,1.18,0.4008,0.002584604,0.003080691,0.002625223,3637.954,33.8691540149046,3705.6923080298093,3570.215691970191,48.299119274465525,-0.016938691723967225,42.2199999999998,33.75,8.4699999999998,42.2199999999998,36.23785714285704
143,2024-06-05,3594.79,3610.36,3623.32,3594.11,-20.88,0.81,0.3569,0.001568932,0.002959274,0.002526708,3636.1825,35.19556205204001,3706.57362410408,3565.79137589592,42.69734944392805,-0.02605555194312592,29.210000000000036,7.650000000000091,21.559999999999945,29.210000000000036,36.07999999999989
144,2024-06-06,3592.25,3602.16,3625.01,3584.17,-2.55,1.14,0.4437,0.005832726,0.003424165,0.002653592,3632.567,35.83527328736345,3704.237546574727,3560.896453425273,34.52372355022753,-0.022825448293871786,40.840000000000146,30.220000000000255,10.61999999999989,40.840000000000146,35.38857142857133
145,2024-06-07,3574.11,3594.63,3603.07,3552.09,-18.13,1.42,0.4218,0.005707486,0.004020942,0.002852119,3627.9584999999997,37.1731782585663,3702.3048565171325,3553.612143482867,29.288524938849292,-0.029947481985099444,50.98000000000002,10.820000000000164,40.159999999999854,50.98000000000002,37.20214285714275
146,2024-06-11,3542.88,3555.82,3565.31,3525.89,-31.24,1.1,0.4307,0.003560038,0.003850757,0.002915342,3621.868,40.6540751631299,3703.1761503262596,3540.5598496737402,27.676537585421414,-0.027159720906477225,39.42000000000007,8.800000000000182,48.220000000000255,48.220000000000255,38.802857142857064
147,2024-06-12,3544.12,3539.09,3551.17,3531.57,1.25,0.55,0.3932,0.00232398,0.003798632,0.002890436,3616.2214999999997,43.26883031212999,3702.7591606242595,3529.68383937574,25.927196624009284,-0.015926785654786446,19.59999999999991,8.289999999999964,11.309999999999945,19.59999999999991,38.43214285714277
148,2024-06-13,3526.13,3548.22,3551.08,3520.18,-17.99,0.87,0.3945,0.002486364,0.003982119,0.002894488,3611.225,47.623536805823775,3706.4720736116474,3515.9779263883524,28.3245877061469,-0.030139917650197634,30.90000000000009,6.960000000000036,23.940000000000055,30.90000000000009,37.00071428571424
149,2024-06-14,3541.53,3514.8,3547.15,3503.52,15.4,1.24,0.5489,0.005533418,0.003922257,0.003047273,3606.2835,49.53053298352904,3705.344565967058,3507.222434032942,37.608003638017294,-0.018741151012559687,43.63000000000011,21.019999999999982,22.610000000000127,43.63000000000011,36.45999999999997
150,2024-06-17,3536.2,3521.44,3540.79,3520.74,-5.33,0.57,0.4389,0.001924151,0.00316559,0.00303614,3599.1949999999997,48.8714782282198,3696.937956456439,3501.45204354356,26.63974834499264,-0.021397418583541827,20.050000000000182,0.7400000000002365,20.79000000000042,20.79000000000042,35.325714285714284
151,2024-06-18,3545.59,3533.49,3551.71,3532.78,9.39,0.54,0.395,0.001854679,0.002824518,0.003027091,3591.9265,45.175718475057266,3682.2779369501145,3501.5750630498856,33.76736111111114,-0.013554757380415117,18.929999999999836,15.510000000000218,3.419999999999618,18.929999999999836,34.31714285714286
152,2024-06-19,3528.75,3543.36,3543.36,3524.84,-16.84,0.52,0.3406,0.002393264,0.002838375,0.00295401,3584.5559999999996,42.66489218624487,3669.8857843724895,3499.2262156275096,29.654874477991683,-0.014293615499787693,18.519999999999982,2.230000000000018,20.75,20.75,33.62928571428574
153,2024-06-20,3503.28,3525.17,3533.99,3500.13,-25.47,0.96,0.3564,0.004172152,0.003175533,0.003046602,3575.4975,39.45111296876636,3654.399725937533,3496.595274062467,28.789785171722897,-0.0238160919540229,33.85999999999967,5.239999999999782,28.61999999999989,33.85999999999967,33.384285714285724
154,2024-06-21,3495.62,3496.34,3505.51,3473.83,-7.66,0.9,0.3487,0.00548385,0.003165619,0.00321827,3568.189,40.05841259961052,3648.305825199221,3488.0721748007786,29.721928220917945,-0.03320269825509525,31.68000000000029,2.230000000000018,29.450000000000273,31.68000000000029,33.1671428571429
155,2024-06-24,3476.81,3473.64,3505.78,3471.22,-18.81,0.99,0.3767,0.003693109,0.003519411,0.003291732,3561.9555,44.10129040659594,3650.158080813192,3473.752919186808,24.306830701432304,-0.03281971964982655,34.5600000000004,10.16000000000031,24.40000000000009,34.5600000000004,33.29785714285721
156,2024-06-25,3457.9,3475.16,3483.22,3440.65,-18.91,1.22,0.3781,0.005067805,0.004162036,0.003363877,3553.065,46.31730010993969,3645.6996002198794,3460.4303997801208,12.405280465138517,-0.03739995824344067,42.56999999999971,6.4099999999998545,36.159999999999854,42.56999999999971,33.32285714285721
157,2024-06-26,3480.26,3451.54,3487.4,3442.3,22.36,1.3,0.3381,0.00490579,0.004664541,0.0034553,3546.6195,47.062366848911715,3640.7442336978233,3452.4947663021762,22.90000473238382,-0.026258285279412208,45.09999999999991,29.5,15.599999999999909,45.09999999999991,34.4578571428572
158,2024-06-27,3454.12,3467.29,3471.14,3452.58,-26.15,0.53,0.3669,0.003207383,0.004471587,0.003491216,3538.6495000000004,48.608275067116345,3635.8660501342333,3441.4329498657676,20.599378485377457,-0.025053064173779616,18.559999999999945,9.120000000000346,27.68000000000029,27.68000000000029,33.51785714285721
159,2024-06-28,3461.66,3443.67,3484.68,3443.67,7.54,1.19,0.4323,0.004279848,0.004230787,0.00360902,3532.0170000000007,49.65248412718549,3631.3219682543718,3432.7120317456297,24.934242788997395,-0.02326670654492513,41.00999999999976,30.559999999999945,10.449999999999818,41.00999999999976,32.80571428571433
160,2024-07-01,3478.18,3458.26,3479.95,3443.81,16.53,1.04,0.3889,0.003440288,0.004180223,0.003666486,3526.9299999999994,49.698135197466314,3626.326270394932,3427.5337296050666,34.56583969465649,-0.013598477651135976,36.13999999999987,18.289999999999964,17.84999999999991,36.13999999999987,31.94285714285716
161,2024-07-02,3471.79,3472.45,3488.32,3464.52,-6.4,0.68,0.3883,0.002588262,0.003684314,0.003624668,3521.082,48.91610073972872,3618.9142014794575,3423.2497985205423,33.15948777648438,-0.019692053999260217,23.800000000000182,10.140000000000327,13.659999999999854,23.800000000000182,32.24285714285718
162,2024-07-03,3463.41,3471.56,3478.7,3454.99,-8.37,0.68,0.3315,0.001784222,0.003060001,0.003581969,3513.4689999999996,45.12143135327951,3603.711862706559,3423.2261372934404,34.712879009456984,-0.020584242972682576,23.710000000000036,6.9099999999998545,16.800000000000182,23.710000000000036,31.729285714285748
163,2024-07-04,3445.81,3468.3,3483.31,3444.93,-17.6,1.11,0.3333,0.004062546,0.003231033,0.003566132,3506.0200000000004,43.24824973641596,3592.5164994728325,3419.5235005271684,26.917140927944487,-0.028142001754292045,38.38000000000011,19.90000000000009,18.480000000000018,38.38000000000011,31.354285714285748
164,2024-07-05,3431.06,3443.36,3451.04,3399.67,-14.75,1.49,0.3722,0.004618303,0.003298724,0.003658573,3497.9605,41.308906198494064,3580.578312396988,3415.342687603012,25.747370363535808,-0.027684024087849868,51.36999999999989,5.230000000000018,46.13999999999987,51.36999999999989,33.53857142857142
165,2024-07-08,3401.76,3420.8,3428.04,3395.91,-29.3,0.94,0.3686,0.004263657,0.003463398,0.00378106,3489.343,42.54573552753645,3574.4344710550727,3404.251528944927,19.613808256221773,-0.028978557237788527,32.13000000000011,3.019999999999982,35.15000000000009,35.15000000000009,34.69714285714287
166,2024-07-09,3439.81,3396.8,3448.93,3384.81,38.05,1.88,0.42,0.012602684,0.005466283,0.004088785,3484.1894999999995,41.957866770695816,3568.105233541391,3400.273766458608,32.75554521482857,-0.015965694211613424,64.11999999999989,47.16999999999962,16.950000000000273,64.11999999999989,37.79500000000001
167,2024-07-10,3428.97,3425.88,3447.5,3423.65,-10.85,0.69,0.4058,0.001674479,0.005444334,0.003905467,3478.432,41.19487788804057,3560.821755776081,3396.0422442239187,34.725590955806695,-0.013759739531352011,23.84999999999991,7.690000000000055,16.159999999999854,23.84999999999991,37.08000000000003
168,2024-07-11,3468.17,3451.04,3473.98,3438.12,39.2,1.05,0.4655,0.004261165,0.005484058,0.003937336,3475.5339999999997,39.67339203785702,3554.8807840757136,3396.1872159242857,45.00527675679613,0.0029700107001358056,35.86000000000013,45.01000000000022,9.150000000000091,45.01000000000022,38.03214285714288
169,2024-07-12,3472.4,3459.96,3479.1,3457.36,4.23,0.63,0.4174,0.001757789,0.004911955,0.0039116,3472.0775000000003,36.50593662968421,3545.0893732593686,3399.065626740632,49.152607509319424,-0.0022584519547390602,21.73999999999978,10.929999999999836,10.809999999999945,21.73999999999978,37.11642857142855
170,2024-07-15,3476.25,3462.61,3481.46,3460.79,3.85,0.6,0.378,0.002163301,0.004491883,0.003896916,3469.0800000000004,33.28268033867295,3535.645360677346,3402.5146393226546,53.74260656740769,0.006406841684712727,20.670000000000073,9.059999999999945,11.610000000000127,20.670000000000073,35.55214285714286
171,2024-07-16,3498.28,3466.85,3500.29,3464.37,22.04,1.03,0.3848,0.002752487,0.002521844,0.00377051,3466.7145000000005,28.959088651514357,3524.632677303029,3408.796322696972,53.68025488113716,0.010578739679806937,35.92000000000007,24.039999999999964,11.88000000000011,35.92000000000007,34.89642857142859
172,2024-07-17,3501.58,3494.21,3514.48,3486.22,3.3,0.81,0.4203,0.00422066,0.00303108,0.003874897,3465.3560000000007,26.421917616370266,3518.1998352327414,3412.51216476726,60.690152265969935,0.006727656418011652,28.26000000000022,16.199999999999818,12.0600000000004,28.26000000000022,34.93785714285715
173,2024-07-18,3520.93,3483.3,3522.8,3475.72,19.35,1.34,0.3947,0.00471551,0.003121949,0.004004934,3466.2385000000004,28.00272585885635,3522.243951717713,3410.2330482822877,62.67590572736218,0.014154081900114912,47.08000000000038,21.220000000000255,25.860000000000127,47.08000000000038,35.37142857142862
174,2024-07-19,3539.02,3500.81,3545.34,3493.07,18.08,1.48,0.4223,0.008224617,0.004415315,0.004269996,3468.4085,31.8207121020912,3532.0499242041824,3404.7670757958176,62.92488103331072,0.021831085548635665,52.26999999999998,24.41000000000031,27.859999999999673,52.26999999999998,36.523571428571486
175,2024-07-22,3514.92,3538.4,3540.19,3494.01,-24.09,1.3,0.4212,0.003832866,0.004749228,0.004254574,3470.314,33.44965775924329,3537.2133155184865,3403.414684481513,58.5213577271111,0.020056242218810638,46.179999999999836,1.1700000000000728,45.00999999999976,46.179999999999836,38.12214285714289
176,2024-07-23,3439.88,3509.79,3509.79,3439.88,-75.05,1.99,0.4109,0.002466721,0.004692075,0.004117431,3469.4130000000005,34.03913956176382,3537.4912791235283,3401.3347208764726,46.32033278078382,0.0025706341480475903,69.90999999999985,5.130000000000109,75.03999999999996,75.03999999999996,41.78857142857146
177,2024-07-24,3418.17,3432.35,3451.42,3408.41,-21.71,1.25,0.405,0.009288675,0.005705678,0.004371775,3466.3085,35.784461972819415,3537.877423945639,3394.7395760543614,45.73246047430831,0.004823973472555254,43.01000000000022,11.539999999999964,31.470000000000255,43.01000000000022,42.11928571428575
178,2024-07-25,3399.27,3404.61,3415.86,3383.8,-18.89,0.94,0.4177,0.00878988,0.006520552,0.004540961,3463.566,38.74695334712314,3541.059906694246,3386.0720933057537,45.15381566511174,-0.011785534666158837,32.059999999999945,2.3099999999999454,34.36999999999989,34.36999999999989,40.90500000000004
179,2024-07-26,3409.29,3403.71,3420.82,3388.66,10.02,0.95,0.3959,0.00616554,0.006108736,0.004598222,3460.9474999999998,40.6074416144823,3542.1623832289642,3379.7326167710353,51.21959120209902,-0.00573933280256167,32.16000000000031,21.550000000000182,10.610000000000127,32.16000000000031,40.691428571428624
180,2024-07-29,3390.74,3404.37,3408.5,3388.84,-18.55,0.58,0.35,0.001757759,0.005693715,0.00453233,3456.5755000000004,43.27401572050852,3543.1235314410173,3370.0274685589834,41.51654507105562,-0.02232589521274919,19.659999999999854,0.7899999999999636,20.449999999999818,20.449999999999818,37.57214285714291
181,2024-07-30,3369.38,3380.69,3380.69,3352.8,-21.36,0.82,0.3346,0.004435538,0.006087479,0.004539407,3451.4549999999995,47.25482548458706,3545.964650969174,3356.945349030825,40.05938678143667,-0.029668240986061467,27.889999999999873,10.049999999999727,37.9399999999996,37.9399999999996,38.57857142857146
182,2024-07-31,3442.08,3364.03,3445.0,3364.03,72.7,2.4,0.5482,0.008494093,0.005928562,0.004769125,3450.3885,47.2114907149323,3544.8114814298647,3355.9655185701354,46.085286438796,-0.009829557713052828,80.9699999999998,75.61999999999989,5.349999999999909,80.9699999999998,41.14714285714285
183,2024-08-01,3419.27,3443.14,3448.34,3419.19,-22.82,0.85,0.4346,0.003049519,0.00478049,0.004790091,3449.0615,47.71723293197148,3544.4959658639427,3353.627034136057,42.44904920269461,-0.02258538481768191,29.15000000000009,6.260000000000218,22.889999999999873,29.15000000000009,41.67642857142859
184,2024-08-02,3384.39,3393.92,3419.1,3380.96,-34.87,1.12,0.3718,0.003318358,0.004211054,0.004859825,3446.728,49.74206973028392,3546.212139460568,3347.2438605394323,38.00282102183677,-0.03346774884480719,38.13999999999987,0.17000000000007276,38.309999999999945,38.309999999999945,42.93642857142858
185,2024-08-05,3343.32,3362.11,3409.03,3343.32,-41.07,1.94,0.4553,0.012677695,0.006395041,0.005251423,3443.8059999999996,54.052376295197874,3551.9107525903955,3335.7012474096036,30.720613118343735,-0.05044405881400649,65.71000000000004,24.640000000000327,41.06999999999971,65.71000000000004,45.064285714285724
186,2024-08-06,3342.98,3367.35,3376.8,3318.63,-0.34,1.74,0.3804,0.006503345,0.006808602,0.005337106,3438.9645000000005,58.57637393990093,3556.1172478798026,3321.8117521201984,30.12132758447808,-0.05539386609852448,58.17000000000007,33.48000000000002,24.690000000000055,58.17000000000007,47.200714285714284
187,2024-08-07,3341.49,3338.59,3362.38,3329.97,-1.49,0.97,0.3031,0.004206236,0.005951031,0.005334496,3434.5905,62.496901268443715,3559.584302536887,3309.5966974631124,26.45515141972392,-0.04934109453415736,32.41000000000031,19.40000000000009,13.010000000000218,32.41000000000031,46.15285714285714
188,2024-08-08,3342.94,3332.43,3364.79,3320.84,1.45,1.32,0.2948,0.003586222,0.006058371,0.004924657,3428.329,65.1716334724959,3558.672266944992,3297.9857330550085,23.096976016684067,-0.028181215623800826,43.94999999999982,23.300000000000182,20.649999999999636,43.94999999999982,45.558571428571405
189,2024-08-09,3331.63,3358.13,3366.67,3331.63,-11.31,1.05,0.2917,0.002630969,0.005920893,0.004968134,3421.2905,67.71345520297962,3556.7174104059595,3285.8635895940406,23.93709296703922,-0.025317640725885493,35.039999999999964,23.730000000000018,11.309999999999945,35.039999999999964,44.76285714285713
190,2024-08-12,3325.86,3327.56,3338.08,3319.89,-5.76,0.55,0.2548,0.002628626,0.00391108,0.004893928,3413.7709999999997,69.61272735264178,3552.996454705283,3274.5455452947162,29.80946309675592,-0.021595813218720394,18.190000000000055,6.449999999999818,11.740000000000236,18.190000000000055,40.70214285714285
191,2024-08-13,3334.39,3328.01,3335.01,3310.19,8.53,0.75,0.2693,0.00444415,0.003499241,0.005016035,3405.5765,68.78237222726494,3543.14124445453,3268.0117555454704,34.437922579686415,-0.02196938365466128,24.820000000000164,9.150000000000091,15.670000000000073,24.820000000000164,39.40285714285714
192,2024-08-14,3309.24,3332.79,3332.79,3309.1,-25.15,0.71,0.251,0.001152925,0.002888578,0.004970109,3395.9595,68.09575119869987,3532.1510023973997,3259.7679976026,33.65646443742507,-0.024036051127482527,23.690000000000055,1.599999999999909,25.289999999999964,25.289999999999964,38.75428571428571
193,2024-08-15,3341.95,3301.45,3356.76,3297.97,32.71,1.78,0.3339,0.00627139,0.003425612,0.005130059,3387.0105000000003,62.323985200845335,3511.658470401691,3262.3625295983097,38.705890245538676,-0.008140963619419628,58.79000000000042,47.52000000000044,11.269999999999982,58.79000000000042,40.65642857142858
194,2024-08-16,3345.63,3342.03,3356.91,3335.62,3.68,0.64,0.3076,0.004883824,0.003876183,0.005160203,3377.3409999999994,51.57354308475558,3480.4880861695106,3274.1939138304883,42.03706972639017,-0.028020847859433817,21.289999999999964,14.960000000000036,6.329999999999927,21.289999999999964,40.71642857142859
195,2024-08-19,3356.97,3344.26,3375.96,3343.71,11.33,0.96,0.3364,0.001810305,0.003712519,0.005028148,3369.4435,40.24684548278412,3449.937190965568,3288.949809034432,47.72901950737469,-0.01822026338955396,32.25,30.329999999999927,1.9200000000000728,32.25,40.310000000000045
196,2024-08-20,3332.7,3361.64,3362.33,3321.64,-24.26,1.21,0.3239,0.003108833,0.003445455,0.004795612,3364.0845,37.410081314354976,3438.90466262871,3289.26433737129,25.671708185053376,-0.01527306250166205,40.690000000000055,5.360000000000127,35.32999999999993,40.690000000000055,37.4328571428572
197,2024-08-21,3321.64,3322.91,3339.44,3307.99,-11.07,0.94,0.2866,0.004114452,0.004037761,0.004808412,3359.2580000000003,36.2746552959689,3431.807310591938,3286.7086894080626,27.087538136587654,-0.00648457222162413,31.450000000000273,6.7400000000002365,24.710000000000036,31.450000000000273,37.597142857142934
198,2024-08-22,3313.14,3322.87,3327.7,3305.25,-8.5,0.68,0.3198,0.004453664,0.003674216,0.004898727,3354.9515,36.38692120079577,3427.7253424015917,3282.1776575984086,30.915519365725615,-0.00892616767076082,22.449999999999818,6.059999999999945,16.389999999999873,22.449999999999818,36.46428571428578
199,2024-08-23,3327.19,3305.93,3336.24,3305.64,14.05,0.92,0.2852,0.005074829,0.003712417,0.004707189,3350.8464999999997,34.51708993572304,3419.880679871446,3281.8123201285534,44.948324459755696,-0.004279527994996202,30.59999999999991,23.09999999999991,7.5,30.59999999999991,33.956428571428624
200,2024-08-26,3324.22,3330.72,3336.53,3311.57,-2.97,0.75,0.2995,0.002916493,0.003933654,0.004440217,3347.5205,33.665063958278566,3414.850627916557,3280.190372083443,44.21986689672167,-0.00559986120002165,24.960000000000036,9.340000000000146,15.61999999999989,24.960000000000036,31.584285714285766
201,2024-08-27,3305.33,3315.69,3320.57,3299.56,-18.89,0.63,0.3052,0.002087494,0.003729386,0.004254851,3344.318,34.51199221017194,3413.341984420344,3275.2940155796564,39.937666963490706,-0.007894033851298055,21.01000000000022,3.649999999999636,24.659999999999854,24.659999999999854,31.030714285714307
202,2024-08-28,3286.5,3298.91,3305.35,3274.59,-18.84,0.93,0.2953,0.004355321,0.00377756,0.004372922,3336.5389999999998,28.28960212551939,3393.1182042510386,3279.959795748961,35.67948848066577,-0.011834533023037719,30.759999999999764,0.01999999999998181,30.73999999999978,30.759999999999764,30.088571428571445
203,2024-08-29,3277.68,3273.54,3290.79,3269.53,-8.81,0.65,0.4164,0.003674171,0.003621662,0.004338314,3329.4595,23.867294617688113,3377.194089235376,3281.724910764624,36.13609497867086,-0.017007608588077594,21.259999999999764,4.289999999999964,16.9699999999998,21.259999999999764,29.104285714285716
204,2024-08-30,3321.43,3273.75,3351.63,3273.65,43.75,2.38,0.6012,0.007425922,0.00409188,0.004289761,3326.3115,20.094804585137876,3366.5011091702754,3286.121890829724,49.04751666308315,0.0036836252432583816,77.98000000000002,73.95000000000027,4.029999999999745,77.98000000000002,33.375
